year,coname_cn_01,strength,evcent
2017,广东联泰环保股份有限公司,0,0.0
2017,深圳歌力思服饰股份有限公司,0,0.0
2017,广东原尚物流股份有限公司,0,0.0
2017,广东四通集团股份有限公司,0,0.0
2017,广东好太太科技集团股份有限公司,0,0.0
2017,广州白云电器设备股份有限公司,0,0.0
2017,广州金域医学检验集团股份有限公司,0,0.0
2017,广州好莱客创意家居股份有限公司,0,0.0
2017,广东世运电路科技股份有限公司,0,0.0
2017,博敏电子股份有限公司,0,0.0
2017,深圳至正高分子材料股份有限公司,0,0.0
2018,广东联泰环保股份有限公司,0,0.0
2018,深圳歌力思服饰股份有限公司,0,0.0
2018,广东原尚物流股份有限公司,0,0.0
2018,欧派家居集团股份有限公司,0,0.0
2018,广东四通集团股份有限公司,0,0.0
2018,广东好太太科技集团股份有限公司,2,0.16666666666666666
2018,广州白云电器设备股份有限公司,0,0.0
2018,广州好莱客创意家居股份有限公司,0,0.0
2018,广东世运电路科技股份有限公司,0,0.0
2018,博敏电子股份有限公司,0,0.0
2018,深圳至正高分子材料股份有限公司,0,0.0
2018,北京创想明天科技有限公司,1,0.08333333333333333
2018,深圳市欧盛自动化有限公司,1,0.08333333333333333
2019,广东联泰环保股份有限公司,0,0.0
2019,深圳歌力思服饰股份有限公司,0,0.0
2019,广东原尚物流股份有限公司,0,0.0
2019,欧派家居集团股份有限公司,0,0.0
2019,广东四通集团股份有限公司,0,0.0
2019,广东好太太科技集团股份有限公司,5,0.2777777777777778
2019,广州白云电器设备股份有限公司,0,0.0
2019,广东松炀再生资源股份有限公司,0,0.0
2019,广州金域医学检验集团股份有限公司,0,0.0
2019,广州好莱客创意家居股份有限公司,0,0.0
2019,博敏电子股份有限公司,0,0.0
2019,深圳市新星轻合金材料股份有限公司,0,0.0
2019,广东丸美生物技术股份有限公司,0,0.0
2019,深圳至正高分子材料股份有限公司,0,0.0
2019,深圳市欧盛自动化有限公司,1,0.05555555555555555
2019,广东科徕尼智能科技有限公司,1,0.05555555555555555
2019,北京创想明天科技有限公司,1,0.05555555555555555
2019,上海齐莱家居用品有限公司,1,0.05555555555555555
2019,浙江雷拓家居有限公司,1,0.05555555555555555
2020,广东联泰环保股份有限公司,0,0.0
2020,深圳歌力思服饰股份有限公司,0,0.0
2020,广东原尚物流股份有限公司,0,0.0
2020,欧派家居集团股份有限公司,0,0.0
2020,广东四通集团股份有限公司,0,0.0
2020,广东好太太科技集团股份有限公司,8,0.36363636363636365
2020,广州白云电器设备股份有限公司,0,0.0
2020,广东松炀再生资源股份有限公司,0,0.0
2020,广州金域医学检验集团股份有限公司,0,0.0
2020,广州好莱客创意家居股份有限公司,0,0.0
2020,广东世运电路科技股份有限公司,0,0.0
2020,博敏电子股份有限公司,0,0.0
2020,深圳市新星轻合金材料股份有限公司,0,0.0
2020,广东丸美生物技术股份有限公司,0,0.0
2020,深圳至正高分子材料股份有限公司,0,0.0
2020,广东好太太智能科技有限公司,1,0.045454545454545456
2020,广东慧享家品贸易有限公司,1,0.045454545454545456
2020,深圳市欧盛自动化有限公司,1,0.045454545454545456
2020,北京创想明天科技有限公司,1,0.045454545454545456
2020,上海齐莱家居用品有限公司,1,0.045454545454545456
2020,广东好太太智能家居有限公司,1,0.045454545454545456
2020,成都千川木业有限公司,1,0.045454545454545456
2020,浙江雷拓家居有限公司,1,0.045454545454545456
2021,广东联泰环保股份有限公司,0,0.0
2021,深圳歌力思服饰股份有限公司,0,0.0
2021,广东原尚物流股份有限公司,0,0.0
2021,欧派家居集团股份有限公司,0,0.0
2021,广东四通集团股份有限公司,0,0.0
2021,广东好太太科技集团股份有限公司,11,0.4782608695652174
2021,广州白云电器设备股份有限公司,0,0.0
2021,广州金域医学检验集团股份有限公司,0,0.0
2021,广州好莱客创意家居股份有限公司,0,0.0
2021,博敏电子股份有限公司,0,0.0
2021,深圳市新星轻合金材料股份有限公司,0,0.0
2021,广东丸美生物技术股份有限公司,0,0.0
2021,深圳至正高分子材料股份有限公司,0,0.0
2021,东莞市中亚电缆有限公司,1,0.043478260869565216
2021,深圳市欧盛自动化有限公司,1,0.043478260869565216
2021,湖北千川门窗有限公司,1,0.043478260869565216
2021,北京创想明天科技有限公司,1,0.043478260869565216
2021,上海齐莱家居用品有限公司,1,0.043478260869565216
2021,广东好太太家居用品有限公司,1,0.043478260869565216
2021,成都千川门窗有限公司,1,0.043478260869565216
2021,广东好太太智能家居有限公司,1,0.043478260869565216
2021,成都千川木业有限公司,1,0.043478260869565216
2021,成都雅商汇实业有限公司,1,0.043478260869565216
2021,浙江雷拓家居有限公司,1,0.043478260869565216
2022,广东联泰环保股份有限公司,0,0.0
2022,深圳歌力思服饰股份有限公司,0,0.0
2022,广东原尚物流股份有限公司,0,0.0
2022,欧派家居集团股份有限公司,0,0.0
2022,广东四通集团股份有限公司,0,0.0
2022,广东好太太科技集团股份有限公司,5,0.23809523809523808
2022,广州白云电器设备股份有限公司,0,0.0
2022,广东松炀再生资源股份有限公司,0,0.0
2022,广州金域医学检验集团股份有限公司,0,0.0
2022,广州好莱客创意家居股份有限公司,1,0.047619047619047616
2022,广东世运电路科技股份有限公司,0,0.0
2022,博敏电子股份有限公司,0,0.0
2022,深圳市新星轻合金材料股份有限公司,0,0.0
2022,广东丸美生物技术股份有限公司,0,0.0
2022,深圳至正高分子材料股份有限公司,0,0.0
2022,东鹏饮料(集团)股份有限公司,0,0.0
2022,北京创想明天科技有限公司,1,0.047619047619047616
2022,上海齐莱家居用品有限公司,1,0.047619047619047616
2022,广东好太太家居用品有限公司,1,0.047619047619047616
2022,广东好太太智能家居有限公司,1,0.047619047619047616
2022,成都千川木业有限公司,1,0.047619047619047616
2022,广州好莱客家居安装服务有限公司,1,0.047619047619047616
2023,广东联泰环保股份有限公司,0,0.0
2023,深圳歌力思服饰股份有限公司,0,0.0
2023,广东原尚物流股份有限公司,0,0.0
2023,欧派家居集团股份有限公司,0,0.0
2023,广东四通集团股份有限公司,0,0.0
2023,广东好太太科技集团股份有限公司,2,0.1111111111111111
2023,广州白云电器设备股份有限公司,0,0.0
2023,广州金域医学检验集团股份有限公司,0,0.0
2023,广州好莱客创意家居股份有限公司,2,0.1111111111111111
2023,广东世运电路科技股份有限公司,0,0.0
2023,博敏电子股份有限公司,0,0.0
2023,深圳市新星轻合金材料股份有限公司,0,0.0
2023,广东丸美生物技术股份有限公司,0,0.0
2023,深圳至正高分子材料股份有限公司,0,0.0
2023,东鹏饮料(集团)股份有限公司,0,0.0
2023,北京创想明天科技有限公司,1,0.05555555555555555
2023,广东好太太家居用品有限公司,1,0.05555555555555555
2023,广州好莱客家居安装服务有限公司,1,0.05555555555555555
2023,"广州好莱客创意家居股份有限公司,广州好莱客集成家居有限公司",1,0.05555555555555555
2024,广东联泰环保股份有限公司,0,0.0
2024,深圳歌力思服饰股份有限公司,0,0.0
2024,广东原尚物流股份有限公司,0,0.0
2024,欧派家居集团股份有限公司,0,0.0
2024,广东好太太科技集团股份有限公司,0,0.0
2024,广州金域医学检验集团股份有限公司,0,0.0
2024,广东世运电路科技股份有限公司,0,0.0
2024,博敏电子股份有限公司,0,0.0
2024,深圳市新星轻合金材料股份有限公司,0,0.0
2024,广东丸美生物技术股份有限公司,0,0.0
2024,深圳至正高分子材料股份有限公司,0,0.0
2024,东鹏饮料(集团)股份有限公司,0,0.0
